"","PC1","PC2","PC3","PC4","PC5","PC6","PC7","PC8","PC9","PC10"
"1",0.00637606111576166,-0.0883425122034071,-0.0551268756064275,0.0682003084251527,-0.0480581186579349,-0.0540204643197572,-0.0161546782318239,-0.00282124652928758,-0.0132525893062951,0.0246981924130696
"2",-0.0853916179061714,-0.0299821164925081,0.039796548509152,0.028208535033922,-0.0331077652335903,-0.0209262062614136,-0.0224324137565005,-0.0316213074395438,0.014154940176583,0.0226920597061142
"3",-0.0582358326409415,0.0582621622189805,-0.0300263896173694,0.0510321923584972,-0.0844073796005857,-0.0316832231992051,-0.0405110606623011,0.0235112763218892,0.00097193124019006,-0.0305278089098002
"4",0.0161253717134319,-0.0827399340162286,0.0380504027016429,-0.0550046815475085,-0.052213325993026,0.0208430101853594,-0.142548322572482,0.064249360353191,-0.0228080152629169,-0.0324711787363665
"5",-0.0150810893928899,-0.0734529775303065,0.0920409074333908,0.0337150172154414,-0.035359673984593,-0.112675883156781,0.0248748744542661,-0.0146356632357368,0.0365600442196306,-0.020969439747404
"6",-0.0419778951895811,0.0577339287857124,-0.0718145925452157,0.0797623473315944,-0.0391652257622051,-0.0203422917306221,-0.00464268112717454,-0.0209620313903013,-0.0170683255980089,-0.0194885014146005
"7",0.0689992156564948,-0.0143496409256778,-0.0656930911381678,0.00462583086103795,-0.0177036806849387,-0.0296350466024175,-0.0132390799924625,-0.0209434943344081,-0.0445105435849828,-0.0244010541403152
"8",0.00276668653386331,-0.0602950679999799,0.043711200187086,0.0151648712746971,-0.0401606824617326,-0.0295533891205401,-0.134592663902504,-0.0688959542758734,0.00224558327887806,-0.0236958591957842
"9",0.0207832258094689,-0.00617216018838042,0.00785619088797136,-0.0274772993666973,-0.00331544802459064,-0.123470601070851,-0.0908972738672226,-0.0328214741269057,0.173640514974455,0.029221699477847
"10",0.0627307547581978,-0.0596222388820544,0.0361959793370762,-0.0354093731257556,-0.0504434369608346,-0.0937587891551813,0.0261578718545098,0.0161215957082697,-0.0088476871082449,-0.027992444557921
"11",-0.092192641287158,-0.0142351319639575,0.00614419066741319,0.0193895568115726,-0.0285721509472598,-0.0271017507729681,-0.01077761452176,-0.0295289627001761,0.0147265427857573,0.0128479154492017
"12",0.04865311212273,-0.0605538260274463,-0.00409880446453009,-0.109258987319031,0.00329865614648326,0.0575088727893167,-0.00540335828623185,-0.0287431647489403,0.0411930258684802,-0.0225622580157667
"13",0.0557163556912133,-0.042174957949186,0.00032173392606261,-0.106952876135743,-0.0149727283747276,-0.0431801222740969,-0.0237523437262677,-0.00865122570881273,0.0449527706878031,-0.00925083923035175
"14",0.0494858457256525,-0.000797170496075982,-0.00537046139799817,0.0839634587561885,-0.0878272998138917,-0.0420804295265915,-0.0133486137530403,-0.0905383708133372,-0.0287161970574932,-0.0377461232086213
"15",0.0505216035663354,-0.0163118409890939,0.0922800572085736,0.0156146332163104,-0.0424699990191563,0.0228009523485951,-0.0179509081802712,-0.066864361768545,-0.0383442864920262,-0.077810274360207
"16",0.0577265163081591,0.0505212388973175,0.0377357319169206,-0.0932201745865993,0.0257552627570139,-0.0692719451239252,-0.0316046192487193,0.0197981132270419,-0.0118793791415108,-0.042801290371625
"17",0.036786000851606,-0.0365681540371245,-0.0273573026417734,0.00309031728633448,0.0733390086860222,-0.0382534119896507,-0.0893693467961027,0.00257182713718596,0.0815055052552822,0.115366365583315
"18",0.0349790730546954,-0.074028679214019,-0.0573362741309018,-0.0760648922793604,-0.0388672866397265,-0.0442747721409709,0.0757212175768325,-0.0179864504116842,-0.00502876091203532,0.0180255138669481
"19",0.0884305692996376,0.032227097410667,-0.0126888161000908,-0.0166277903729917,0.0184330243727876,-0.0466437705567962,-0.00852571945340884,0.0340045287052467,-0.0124272600984538,-0.0566901178449009
"20",-0.0248198841338313,-0.0811157586867408,-0.0156715230317731,-0.0360415143829109,0.0700922128267853,-0.077200733949354,-0.0471623421640117,0.0882299403605944,-0.0462317385357614,0.00509009374286576
"21",-0.0766940299730206,-0.0612944580125605,0.00878333373293148,-0.0321045434607373,0.0539329963610733,0.000813597224541941,0.0122122608865178,-0.0383100811456905,-0.0263842898445976,-0.0368957402705786
"22",-0.043383886037671,-0.0740435009456046,-0.00780851201726295,-0.0581614757771372,0.0412959421843405,-0.0768422741287252,0.0416045112253718,-0.0185945108791576,-0.056852323581365,0.0581809994340479
"23",-0.0415946527605176,0.0400098290572839,-0.0412045911307757,-0.0521913568749773,-0.0922027423563632,0.0169505272941195,-0.125735275366789,0.0836009946191406,0.0280426208649117,-0.00663983801335419
"24",-0.011079422327326,0.0167001543552469,0.0247868934490691,-0.0778558843447191,0.0607863485506879,-0.134597355182439,-0.0483074141700198,0.0822240609435268,0.0313850708705118,-0.0280350446393148
"25",-0.0671462881169172,-0.0734888875502536,0.0370805168554537,-0.0586861006850771,0.0366013843528715,-0.0356576937728868,0.0114262513341028,0.0127028671223864,-0.00787499503928057,0.00538303874097227
"26",0.0528822080067256,0.0278686629018851,-0.0429009635617726,-0.0906405927697398,0.071784766856175,-0.0167288567183244,-0.0230847088881915,0.0261593356830943,-0.0818346144653012,0.0108655625284893
"27",0.0491913845312559,0.0185649907897762,-0.008538460786394,-0.0435869826069539,-0.0264623173202702,-0.124287049992902,0.0175534389185879,0.126516489883145,0.00232299307942126,0.036114885643909
"28",0.0824541869798145,-0.0425931457658823,-0.0197346686133317,-0.0105978666691609,-0.00164247146604307,-0.0493285236313718,-0.0104904807443879,-0.000492770440405976,-0.0347846614471478,-0.0218423276634367
"29",0.0117669578523153,0.0877756919848752,-0.064280485609681,0.0386636331934489,0.0272154574472821,-0.00129341596064415,-0.0674746461501506,0.0314342102870148,-0.0511251759405135,0.0504689514361916
"30",-0.0853200447372284,-0.0167841681275272,0.0314989329013427,-0.0163521553855324,-0.0269296242017924,0.0254805474506217,-0.053013619617625,-0.0211034285816192,-0.0191577533084713,0.0421750427185232
"31",0.0632227606468575,-0.0488501769394697,-0.00950833554148276,-0.0616807366078681,0.065112015196751,0.0881687828296028,0.0292442853715412,-0.0110700980355775,-0.0122960103819247,0.0408526681695477
"32",0.0554553485842407,-0.0326644990187787,0.0121599174509984,-0.0845715617669313,0.0156454534850171,0.0883132830949708,-0.0446819513000659,0.00528302950625941,-0.0453607407063135,0.0597549839334832
"33",-0.0233064535981892,-0.00244838927148919,-0.125544790654464,-0.019330369901163,0.00675158166637931,-0.0192259395628156,0.0250267282043126,-0.0353831783671562,-0.0357756998076109,0.0030898774514623
"34",-0.027543504918253,0.0154950684304105,0.0049617408035174,-0.0607078290332459,0.122757263131785,0.0883717275049162,-0.0709406432239851,-0.00291192276464737,-0.101037394039206,0.060951641399092
"35",0.0236083977378137,-0.0782960597438632,0.0331778404076172,-0.0727672789505052,0.0874318773145678,0.0218477461995813,-0.0173239771777216,0.0416995368140802,-0.0745925481326651,-0.000881570818010902
"36",0.0835186122923156,0.0195612893242105,-0.0161164279318184,0.018651920389405,0.0359217933725528,-0.00122747999792433,-0.0677851225130217,-0.016033598422251,0.0255521544232334,-0.026037030252811
"37",0.0560439513542403,-0.0764116053877492,-0.0588722886233691,0.00378297859564462,-0.0204819376823418,0.0662284242418415,0.0257538270921213,-0.0518563492140823,0.044058480209977,0.0295086633919827
"38",0.0402676948334361,-0.0529937948307381,0.00437449928101984,0.0267137000723928,0.0465499533189465,0.0127624304480179,0.0113116459699805,0.101321344203564,-0.0188148496464288,-0.0222309875555595
"39",-0.0158535696007124,-0.0138618526051446,0.0777914542338416,0.078373059137238,-0.0494626018773787,-0.0253769269185387,-0.0329007387172734,-0.0561168486745307,0.0936563554375171,-0.00863431018217461
"40",0.066663952769711,-0.0733903355922555,-0.0379064909858061,0.0384240055553698,-0.00507010617467538,0.0363544821964624,0.0047077188657165,-0.0639502500065253,-0.0173193746082853,-0.0271675660602954
"41",0.0370351550395685,-0.00522964989984292,-0.0163251649968163,-0.088460384652803,0.0194071462954738,0.126899852843539,0.0421108743035151,0.00609004322148805,0.0610800583141425,-0.090140402257524
"42",-0.062991483957972,-0.0422538212151687,0.0221553869084311,-0.0179458523511945,-0.0562749615366658,0.0257725248221082,-0.104985547457703,0.0613545762994755,0.0831886585881645,-0.0070472417698849
"43",-0.00217524296858702,-0.0949460483277223,0.0998429691609011,-0.00635556307841801,0.0415486158048149,-0.0282318537422855,0.0271360961054001,-0.0150197666355806,-0.00441490796971344,-0.00936684917266009
"44",0.0783343048444591,0.0041429228476531,0.0225698753854958,-0.0345393272887793,-0.0012680501040559,-0.0355220923878968,0.0156230019431349,0.100457225469932,-0.00406628241941666,0.0243219356931874
"45",0.0416447757788463,-0.0707219157140777,-0.0859052580677701,0.00137291214160547,0.0272916880225989,0.0245101058584122,-0.0140066892411189,-0.0540967797501949,0.0416913896419037,0.0395780912455089
"46",0.000508708218061768,-0.0259830314657748,0.124913057412655,-0.0100467081352394,-0.0566251412556753,0.0182925102504972,-0.0077368810751402,-0.0686967459482667,0.00551187475820846,-0.00533067582324306
"47",-0.0828017100676202,0.00221811983118664,0.0320744686849227,0.0203185509966994,0.0401486998688662,-0.0491927480775539,0.0316450686113572,-0.0267644883625775,-0.0663199090880754,0.00514330219979409
"48",0.0490655462711121,0.00149691568257001,0.101172644805898,0.0226066739008587,-0.0710094284996889,-0.0247907804647576,0.0637681331943701,-0.0376582503750636,-0.035725866046473,0.0100105992650535
"49",-0.0844314977010429,0.0406343199583241,0.0137799336094486,-0.011524989093062,-0.00937952518091638,-0.020536687206114,0.00418822013278235,-0.0404210277691138,-0.0471738734357885,0.040332043870336
"50",-0.0626698943678727,-0.0502673282243991,0.0278468124532459,0.0226962645410806,0.0019037586871649,0.00450882354515655,-0.00307031509344623,0.0191476416612052,-0.101427406257277,-0.019514377650419
"51",0.000119926605877655,0.0251459078809908,0.103490615022483,0.00148679797309981,-0.0369332045194889,-0.0363027535017248,0.0838562564747651,-0.0375277781069073,-0.0312035477936039,-0.0760416401066369
"52",0.00861011920939531,-0.10702585798643,-0.0606156121107135,0.039674562719128,-0.00631058705172511,-0.0343517056721084,0.0131459731187791,-0.0213106962691344,0.0104431359070563,0.0593053370087953
"53",-0.081724712106253,-0.00595228780364081,0.0514860531556913,-0.0280703328193325,-0.022343365635315,0.0488605170832778,-0.0391991046079992,-0.0305805181773219,-0.0353592213102027,0.000971828648117286
"54",-0.0651119613174999,-0.0023638804536308,0.0820443519680711,-0.0226086491249171,0.0299847180223945,-0.0274928665250643,0.0257820618716828,-0.01203096930929,0.0206762487832018,0.000126646646795479
"55",0.0426763260482484,0.0464178720535351,-0.031993073438862,0.0169381536786796,-0.00174070058308978,-0.117134704061883,-0.0937667345289588,-0.0971286391323488,-0.0359625679153653,0.00550858875634513
"56",-0.0529467602879539,0.034858038778966,0.0428413807788909,0.0158715088482958,0.0276974137309979,-0.0431890045355291,0.126424835975253,0.0197362649265224,-0.0712278689728866,0.0717992061441254
"57",0.0214927872003804,0.0397275876395732,0.0432449429650957,0.0438796764759205,-0.04100055710012,-0.0560411685037851,-0.0695594271005463,0.0181445202300739,-0.0166041336998925,-0.0903625061604219
"58",0.00922864385042428,0.113533090675288,-0.0165671565249128,0.0503970544850402,-0.0247344434137451,-0.0372864784390253,-0.0463907788039924,0.0430238130843535,-0.0677035252949067,-0.0495528680802987
"59",0.0290413264808329,-0.0748277986418534,-0.0431204979376549,-0.000131444850108521,-0.0280698537963471,-0.0747962932421409,0.0567860112112903,-0.067592196968752,-0.0645074992996888,0.105162557395872
"60",-0.0851030132144533,-0.00235457422700301,0.00868952693367494,-0.0544771403851991,0.0281112732093915,0.0347438278995443,0.0316341169100537,-0.030966590127937,0.0186578315006199,-0.0495285507664431
"61",0.00213327748846429,-0.0453506352839081,0.0186327955587865,-0.0966501882571031,-0.0970912714245898,-0.0118316210545068,-0.0899879411719719,0.0397281060655253,-0.0673072174068298,-0.00417526720336993
"62",0.00731815137467784,-0.0981276957590454,0.0396540471874266,-0.0343704072804633,0.0314416594462696,-0.0548035435057874,0.110429805025237,0.00849794016431301,-0.103501078763565,-0.0288578683511898
"63",-0.00454081314600717,0.0431459295918045,-0.039432266611115,0.127459052254813,-0.0361505810701569,0.0490609016815012,0.0207480752508702,0.00886010414612688,-0.0116484346173828,0.108049038168489
"64",0.0444141239208859,0.0260490626647389,-0.0913653090243197,-0.0379008664190332,0.0340261013543884,-0.0422173884563333,-0.0573985278867984,-0.05815653969122,-0.0469972114681176,0.0252644862593372
"65",0.00698253913607172,0.0169677652966192,0.0106420408299687,-0.0886219137146219,0.0456387342099343,0.0761639323029404,-0.0634323418379463,-0.00578942933031351,-0.0630551463148303,0.0755588945852182
"66",0.00505138162146705,0.0536292190715519,0.0760268312372843,0.016251695582595,-0.0640961501365883,0.0397289920770296,-0.0572800216844277,-0.0519676371568778,0.0747668165798085,0.105600674767974
"67",0.0159527645262121,0.049643081747211,0.0776922432087821,-0.0204550594098808,-0.11733778134993,-0.0088706885583595,-0.000561472987875687,-0.034973712569338,0.0218102174518658,0.0965577045286921
"68",-0.0806178136041719,-0.0260198258279339,-0.0134407394624475,-0.00667438259525102,0.0312878905130498,-0.0452326524828108,0.0520424628564348,-0.0131008521771211,-0.000920542411009267,-0.0839775649426581
"69",-0.00547761585426061,0.0228867041864951,0.00694739129300448,-0.0475503657965211,-0.0101550634152232,0.016616827590195,0.0326124847476533,0.131207570811538,-0.0355086042672157,0.114659951005533
"70",0.0402971792051323,0.00917704033585715,0.0959561600067418,-0.0111052180055402,-0.100451022451862,0.0324040804243361,0.017976693254913,-0.0596401845734577,0.055743210393288,0.00848426487933841
"71",0.0148568581222818,-0.0959152333948858,-0.0751801822088606,0.0236632423413428,-0.0136541660842759,-0.0138647670883266,0.010397105780847,-0.0388175915903918,-0.0570163169695509,-0.00325302173672499
"72",-0.0272830909025632,-0.100007352359684,0.030210929193619,-0.0215129858778832,-0.0118390329431183,0.112734475378544,0.0312944791856829,0.0296371646724539,-0.0203043152149577,-0.0474237641986145
"73",-0.000944379428399598,-0.0805765069450609,-0.0516215148905923,-0.0289860521369326,-0.0611506712822858,-0.0425802878311725,0.0713198175998072,-0.0264581889960111,-0.0369724795711837,0.0051374502522224
"74",0.0229243847974227,-0.00934706162932582,-0.0203655599473028,-0.034953000378649,0.03506278213558,-0.0335230038786722,-0.128101327368626,0.106997470922082,-0.103283145263991,0.0702424615834636
"75",0.034098929422271,0.0630262913965921,0.0291399756863563,-0.0793385489500869,-0.0159921122508157,0.0294922221467461,0.0472908329895304,-0.0599976235329982,0.0340198972028938,0.126005455291126
"76",0.0281486816157138,0.105587727837204,0.00925175517654305,0.0279315704897181,-0.0221471991064676,-0.0424217582501726,-0.0170603016462232,0.0758786690344448,-0.0480007404170433,0.0273895663079907
"77",0.0721759914760697,-0.0629354694218319,-0.00547778573629925,-0.0355156325281157,0.0231041183069821,-0.0412791949830976,-0.0347521169769747,0.0481436422562141,-0.0113606743085936,-0.037413799487026
"78",0.0394417649122223,0.0400421134718925,-0.110793792953024,0.0326319116159447,-0.0517856818174164,-0.00397716856659846,0.0357347063651968,0.0103053535159578,0.046631024055849,0.0323058565762249
"79",-0.0740494470514532,-0.0264111475561995,-0.0118107832992409,-0.00933889102728113,0.0236319853042797,-0.0386705811525028,0.0521959412375637,-0.0124923698261929,0.105257703876413,-0.0577722575798169
"80",0.0253292915842821,-0.0437813182821587,-0.0368538336936978,-0.0931701667119027,-0.0782986942113569,-0.066803616122232,0.019404657506451,0.019134337733721,-0.0386878924309716,-0.00148887807522721
"81",0.0375341159765078,0.0098717278915741,0.0700534426210413,0.0107525426753824,-0.124902282274851,-0.0425076631775951,0.0887872687393276,-0.0330057431086177,0.028280381438949,-0.0876110905737085
"82",0.0454083317389436,0.00336199276235957,0.0318228400170547,-0.000993757697805872,0.0216247209443641,-0.0441381668860256,-0.0309037253084159,-0.0804253472609929,0.0921049422614639,0.0881544028382071
"83",0.0612473164875181,-0.000881770115508816,-0.0930544801059578,-0.0131337961232437,0.00639022583799136,-0.0699297562879869,0.00900713993968269,-0.055925272965187,-0.00758895780744626,0.0147658113416057
"84",0.00265179811666596,0.026380698478156,0.0103159244188086,-0.127017403241116,-0.0151634522168784,-0.0712680438959759,0.0126370205241769,-0.0217517515780036,-0.0151053111133738,-0.091172479611124
"85",-0.0560858478967358,-0.00191624046062991,-0.0529736669837361,0.0550363499035591,-0.0232044903503111,-0.00715276574934443,-0.0295819742926227,0.00135135956190019,0.132225578226218,-0.0180880995829594
"86",-0.00101042634878049,-0.046254654739558,-0.0696763588281022,0.0512397412171342,-0.027051127131762,-0.0935145097023773,0.0719733659757271,-0.000408545416960684,0.0563766882191453,-0.0516834674044229
"87",-0.0330230787396483,0.0297326015213491,0.0230269654615625,0.0457297438614091,0.0113741810256022,-0.0564966003039419,0.0685560298365061,-0.086447392995876,-0.0167842984054485,0.0626303364313432
"88",-0.0431030408021155,-0.0761857371462713,-0.0477336187806831,0.0639779072827852,-0.0523844182856694,-0.00248190996901779,0.0113678402582687,0.0128732508699461,-0.0564791091056656,-0.0224699941696884
"89",-0.0313732355617997,0.0528376362469099,-0.0730793861161385,-0.026817416481328,-0.0432321016035173,-0.0264006145325503,0.0379328978026984,-0.112268898932928,-0.0339847656607213,-0.0624890002233104
"90",0.0332297007146799,-0.065848097808864,-0.069633033758801,-0.0155690917234839,0.00877792798184158,-0.0746084799397628,-0.0238850030619342,-0.105418142793695,0.0590371276408738,0.0775475936357137
"91",-0.0588209444117589,0.0378684550977349,-0.00829905247415261,-0.0141017174790041,-0.0119213099800121,-0.000850036061560977,0.0113841800177469,-0.0403172794989359,0.0383489385953898,-0.0747485890501611
"92",-0.0138344676750817,-0.0832391462156688,0.00930645841279961,0.0521692446617573,0.0584432015151601,-0.0654513864635343,-0.0177286110337123,0.0386954456338639,0.0847921665335584,-0.0582869388220996
"93",0.0511204067594184,0.0487414751128835,-0.0329738570683569,-0.0209551019303162,0.0110382064696663,-0.00258687966601099,-0.00579758436798801,-0.127882099316431,0.0297098407519405,-0.0621029980917735
"94",-0.0241057613589882,0.0383611914796879,-0.0494526018625011,-0.0667643030595372,-0.0227897333420384,-0.0674668745042617,0.126106654195896,-0.015878782586702,0.136994325661148,-0.071110362467952
"95",0.0101530924815153,-0.057185900902017,-0.0660038022926038,0.0592907454113602,-0.00750593409575391,-0.0783505647640355,0.057257847211564,0.11227732681284,-0.0372219259257493,-0.0838727708762526
"96",0.0401859431880373,-0.0735379599807173,0.0604786294140069,0.0689026670628392,0.0255844820355745,-0.0359332011470878,0.00259900305915005,0.0926873061425414,0.0273560536150845,0.0117330572997066
"97",0.060537997306804,0.0165338710108835,-0.064560331531926,0.0748013468116426,-0.0132321690493015,-0.00992111520664253,-0.0357626537257038,0.0768288129101048,-0.0044610529498389,-0.00192278604584243
"98",-0.080639994714779,-0.063549767163766,0.0295429656221131,0.00985534788501902,0.0287123348780746,0.00884208412416277,0.0160769870481617,-0.00987625854062686,-0.0275034830023116,0.00279257941372405
"99",-0.00484322689995551,-0.113854468922329,-0.0384139325743148,-0.00433478214796366,0.0262506935789799,0.024491240280997,0.103499697651794,0.0220426819381261,-0.0868348559886988,-0.00570933086376242
"100",0.00565319676106315,-0.00375308210193878,0.0753085649677848,0.00827822449192293,-0.173014045003075,0.0261603727662406,-0.0208093002565433,0.0153981910632713,0.00426828697758332,-0.0606584300080364
"101",-0.0226316439087952,-0.0233088618880522,0.0243072952537512,0.0763522881184852,0.0518437920996003,0.0757440323192121,0.0205614574316043,-0.00155641467862945,-0.0781579116371605,0.108059877803813
"102",-0.0319650929391162,-0.0481562017741988,-0.0290260744083221,-0.0306023502886009,-0.0869378011223012,-0.0238674460931503,-0.0328925357981951,-0.0122808788065749,0.122236349966064,-0.0387269333281646
"103",0.0640757930831272,0.00231043753601395,0.0962162085606069,-0.0268865641894491,0.0262631960846093,-0.0342898878832027,-0.0315256643968965,-0.0435913800514454,-0.00842699603833682,0.0166452107825383
"104",-0.0127765525315275,0.0334193240134932,0.0611125602106438,-0.00160282726082332,-0.0897847527612525,0.0595765998481915,-0.0749531008009614,0.0675516380894857,-0.0458128550053664,-0.00436513477440206
"105",0.0299151342457441,0.0377324226750642,0.088580876050891,0.0980473854513478,0.0267363201118478,-0.0763115837045546,-0.00700626753703585,0.00590147439912352,0.0151962212013562,0.00363730720458974
"106",-0.0916876976721631,0.0115365194955024,0.0237470129376748,0.0107237499149123,-0.0218867049915177,0.00270172677685827,-0.0180387772277677,-0.0314581059016995,-0.0365443148573944,0.0273563910749274
"107",-0.0262865670247472,-0.0971375002559809,0.0747281430203451,0.032217875580388,0.0682671725200517,0.023014409312515,-0.00125859954473801,0.0168905115406501,-0.000810387086197816,0.0014754469521309
"108",0.0448735186088087,-0.0103183305390835,0.0979860484322125,-0.013155434003159,-0.0832296878441825,0.0264931958805064,0.0284922127985071,-0.030027092005372,0.0552098556259945,-0.0735613530535751
"109",0.0755282038636298,-0.0225339787145015,0.0485517010891004,0.00979481068880491,0.0137290142096025,-0.0859290991019128,-0.0227706356194816,-0.0464006769431855,0.0209371837908578,0.0500501875100586
"110",-0.0230149739675213,-0.0898386558076276,0.0910608494128294,0.0135201789313598,0.0284950984385522,0.0570467456727365,0.0164603179085047,0.00351117463525936,-0.053790620836908,0.0375648212645949
"111",-0.0320010410018239,-0.0963624846441985,0.0683175318786971,0.0439956023229687,0.0569020315289982,-0.0155500253874878,0.0276468243065884,0.0390046235570342,-0.0372893543381018,0.0325055836067807
"112",0.0473474675508965,0.0181533228056917,0.068972670440392,-0.0548664252179799,-0.000953604081788394,0.0924108411632941,-0.00430797460192019,-0.0218198008108614,-0.0236226532823038,-0.0655469500909396
"113",0.0395560444878253,-0.0667560799604042,0.0638713660559526,-0.0726365000683352,0.0183084109814732,0.0340530846892327,0.0812869331974451,0.0169293192573159,-0.0643834635523529,0.0146643698084653
"114",0.00820252037669539,-0.0371843107588424,0.0828292552679801,0.0949890473661446,-0.0209030350891125,-0.0381112078244203,-0.010778524937786,0.0639556151573961,0.0197173949480476,0.0464560025007491
"115",0.0339366044450891,0.0991560117050024,-0.0331133612451001,0.072477310843376,-0.00287766253297616,-0.0155157246950155,-0.0255148707942028,0.022059945217078,-0.0259876785415461,-0.0684468059378195
"116",-0.00593546787182874,-0.107734768341301,0.0634492496399302,-0.0627256558944443,0.0293908220651019,-0.00731163282670933,0.00971031406571257,-0.0023785563044962,-0.0139101462155545,0.0332126748417004
"117",0.0182464755213459,-0.0139983980132195,0.0648309641474496,-0.0933142188866783,0.0297612240417258,0.0115265709270732,0.0260730073262691,0.073241508689594,0.0336636839651827,0.0307822526571488
"118",0.0336639285619036,-0.00502729797534937,0.0188052714152398,0.0868469276486019,-0.0306511702999843,0.135128574970114,0.0340096307078912,0.0164077124690893,0.0581685127970243,0.0899060851584398
"119",0.0504606193973634,-0.0217818519092103,0.0607167197833015,-0.0341365246294511,0.043730708560378,0.053639359811089,-0.033260749863218,-0.062503218955018,0.0342402444793249,0.0760738100175239
"120",0.0337258821437781,-0.0271283264641259,0.124398544842039,-0.0293937258797664,0.0250896739026854,0.0186269156475475,0.0259992254571623,-0.0455491590754574,-0.0249577107143915,-0.00857177259029835
"121",0.0357293891219453,0.0803876440340582,-0.0204864631237419,-0.0782661362859207,0.0273581968109186,-0.0139763135819831,-0.0460574075917009,-0.00662346293134568,0.0143201489662001,-0.0944601964500911
"122",0.0572437991472616,-0.0645765852225888,0.0251270263569368,-0.016880221104682,-0.0282969002571616,0.0757025586627272,-0.0517120949686017,-0.110906125056798,-0.0132648533881749,0.0300080061131811
"123",0.0590811767303119,0.0208848056977671,0.0666076954277554,0.0268008755168772,-0.0427426672176837,0.0293277349877928,0.0729706265462872,0.0223380625895389,-0.0472985076668429,0.0730500589972761
"124",0.0641839724679682,0.0107175828050915,0.0681219630288923,0.000570104397973552,-0.0983316383267863,0.0576669319421143,0.047271149409829,0.0145449631950471,-0.0322877130886747,-0.0155283791199001
"125",-0.0644524035099696,0.0799150233934452,-0.0107016720495823,-0.053927149016605,0.00980294999510976,0.00649157995058976,-0.0141344558528332,-0.0098076062663049,-0.023246628982801,-0.0603756214657154
"126",0.0556934236691925,-0.0317666006075959,0.0143884648143218,-0.0274946652234931,-0.0461023259051397,0.0384641548750895,-0.0486721732212509,0.068266647785573,0.124931942559829,0.00420368686863796
"127",0.0511858242654813,0.0199186245959845,0.089806379854036,-0.0469344244264258,-0.0648306353172953,0.0264293939479597,0.0383167449301686,0.0150840421191059,-0.0173214653618144,0.0558998548105417
"128",0.0308161901963395,-0.0794388134582266,-0.0455999430022377,0.0710223536248023,-0.00793589508140469,0.0591422681838373,0.00508990292429802,-0.0758534482936671,0.0456395752130103,0.0225840651535601
"129",0.0379605761104735,-0.0635591988414844,0.0767297071477291,-0.0108377016704068,0.0293648304862794,0.0931197154671161,0.0604581096322764,0.0115117574033532,-0.0166011725579873,0.0608715622541384
"130",0.0477116211136665,-0.0692934444157223,0.00117295350315781,0.0870913418456296,0.00624588647615034,-0.0128132163529745,0.0564647400889359,0.0613104532441961,-0.00708529202960154,-0.0699715740072117
"131",0.031646536876263,0.0144676210915221,0.0383738462011659,-0.0252149730207737,0.0765823219203671,0.0558536888121299,0.0330134527214284,0.117171327661075,0.0406039725424102,0.1256660965381
"132",0.0696644185101935,-0.0210762822380612,0.0370698639216927,-0.0568001875870023,-0.0710782132977983,0.0384538579999416,0.0313776185486295,0.0191716992832095,0.004364438801164,0.0814692889602331
"133",0.0552371536095128,0.0587962109032981,0.0107253480757223,0.0993605558851278,0.00458009985413601,-0.00285658845160755,-0.0202612259624408,0.0576171029562578,-0.00924591835237486,-0.0260475748639248
"134",0.0743968988326545,-0.0145359243760258,-0.0329534180534913,-0.03886651202891,0.00653478459766938,-0.0375617877137568,-0.0192458263267376,0.0267399317341089,-0.0631318493130291,-0.0285711981864099
"135",0.0803146681640028,-0.00526658110404728,-0.0476353489638741,-0.000938385012388879,-0.0537617861996775,-0.010269575155216,0.0297356394989343,-0.0182788890767851,-0.0608993267815693,0.012073972377423
"136",-0.0859993461716824,-0.0558106302819674,-0.00774441893698897,-0.0181385031068704,0.000657321786225144,-0.00148283360233083,-0.000452278921974268,-0.0302473065297196,0.0288775747041934,0.000259893173729685
"137",-0.0440618292034141,-0.0400116960046277,-0.0689684291695717,-0.0786341569954315,-0.0201945544116701,-0.048940381315138,-0.0324377671518557,-0.0341592294366051,0.0476186641338156,0.0214486774075748
"138",-0.00972673647501448,-0.0304907993768901,-0.00549255161188191,-0.0916368654471859,-0.0618104976755607,-0.0318791508632723,-0.130699685750044,0.00600182473137433,-0.0691274078849483,0.0185737180397211
"139",-0.0539039810573329,-0.0428893010026447,0.0489107758353508,-0.0539383390451947,-0.0648529275716343,-0.0797645859141453,-0.0125939804934494,-0.0204709443774705,0.08268549646561,-0.0501852287641075
"140",-0.0658799792221598,0.0428241235647343,-0.0379851110288082,-0.0633233967402256,-0.0237522626089283,-0.0514244929548015,-0.0239715870926029,-0.00489410829335281,0.0415576734231317,-0.0515775572777538
"141",-0.0134793663413393,-0.0456063381933772,-0.0202012785153286,-0.0718670249965398,-0.0734841766522268,-0.110023879842503,0.0421953792709962,0.116041581431439,0.0242447670454083,-0.0163912312479576
"142",-0.0634965425396845,0.0197879647288135,-0.00323562206994075,-0.0434633355135879,-0.0239526878057054,-0.0744533171675394,0.0663576929871684,-0.0571472657705785,-0.0159516437409109,0.00379632532780804
"143",-0.0338678830238195,-0.00210670934932914,0.0352221130840345,-0.057305929796872,-0.136778214937641,-0.088207431401049,0.0363365915057686,-0.0174563709333337,0.0438607287029708,0.0623625751987506
"144",-0.0935614106343267,-0.0217950216220906,-0.00852812337327611,-0.0174202317117179,-0.0112637148549849,-0.0125039217854382,-0.0127439953032336,-0.034598718957341,0.00429761488550679,-0.0350043134693315
"145",-0.0330087271264261,-0.0095435301923754,-0.068806506306666,-0.0134972220351917,-0.117629083503846,0.0151434853569884,0.0307626011575557,-0.0798414832081408,-0.0603802785885686,0.00610047249184164
"146",-0.0237991976114816,0.0162775566016631,-0.0174299773436547,-0.10048013757781,-0.0805110508660318,-0.0265971432482651,0.0198364877752511,-0.123427545145272,-0.0610374115975291,0.0374871515714087
"147",-0.0705252479132113,-0.0716551752564533,-0.0153630699622955,0.00463778383401022,-0.0273491966672539,-0.0597876002507261,0.00771382049646958,-0.0567789283472169,0.0140656407061806,0.0257072344576525
"148",-0.0821172797228783,-0.0176052919070674,-0.0087825095119919,-0.0231972066135496,-0.0658779491940459,0.0236251832130317,-0.0624857184639436,-0.0222395979474169,-0.0235353478745721,0.0331923894846581
"149",-0.077261248344518,-0.0485371257050107,0.0205682037748622,-0.0588129544241426,-0.0558203353098969,-0.0271001397685714,-0.0183795230840705,-0.00628267879610954,0.0151119269192001,0.0103976392573732
"150",0.0273797833193631,-0.0275559827258625,-0.0130966379846182,-0.0215785567331455,-0.107235046439048,-0.00195670766513149,-0.031542213517787,0.0134114379880385,0.000382879473867145,-0.0356810908898655
"151",-0.0339136611164068,-0.0192329439786254,-0.0409800931595469,-0.0813681584107472,-0.100503254266345,0.0266878661271732,0.00290080042252374,-0.0382820041177045,0.0492358224507026,0.105119608431931
"152",-0.0066428912538636,0.0784544644950237,-0.0613003380256562,-0.012783965869484,-0.0623966433321929,-0.0665798086283981,0.00702147236545908,-0.0172784080817391,0.0404164199326717,0.0666550144725456
"153",0.036954159539648,-0.0360332252376358,-0.0305477512779824,0.00878360842358074,0.055856130975011,0.020967016635332,-0.157602032336368,-0.0442117023295302,-0.0174061125720624,-0.0275340607510308
"154",0.06954662854035,0.00672281776794406,-0.0733156001771564,0.0357896923067869,-0.0502448028474492,-0.0488780380191751,0.0187598828363931,0.066834024040823,-0.00692542152683503,0.0269935269344458
"155",-0.0912440151374182,-0.0226414991335181,0.00457261758111741,-0.00948198042648121,0.00372469567832295,0.00881157087505236,0.00299192271188042,-0.0381074843492606,-0.00240432527230307,-0.00365045265051067
"156",-0.0244487774143416,-0.00409736439178582,-0.0692802590938101,-0.0633077290831197,0.0423198457043077,0.101255762728887,-0.0462319299627871,-0.00967610522684787,-0.00322137562154902,0.0256088753575047
"157",-0.0441192673794034,-0.00719827334683266,0.0183291606858663,-0.104318071035701,-0.0519103831600657,0.0470685773146,-0.136659704884649,0.0256101566270717,-0.0350934756594219,-0.048748196748481
"158",0.0481516682469639,-0.00339202592441509,0.0838749357524787,-0.0508553535021098,0.0517416596334005,-0.0949124784099039,-0.0327372237470439,-0.07521641368898,0.00762124534711329,-0.0125951191449512
"159",0.00709020833372661,-0.0503817391498489,-0.107775561956269,0.031458844301404,-0.0351494253767535,0.0624202963669037,-0.0298788056307775,-0.110032468385827,-0.0114558668774174,0.0435014513785826
"160",0.0139915305516877,-0.0327399675820605,-0.10427657379701,-0.0378977091229655,-0.0345660049590028,-0.0569954165814357,0.0416063295201145,0.0838992587900782,0.0191310998055803,-0.0186688013313579
"161",-0.065852646852587,-0.0383039446164501,-0.000517008956070498,0.0161406771262446,-0.049238614653062,-0.0405711141814464,-0.104896075332195,0.0563873264926951,0.0247716601014701,0.00424740646744554
"162",0.00787140170283562,0.0613220386040615,0.0070269484983913,0.0539517938641662,0.0976781463448026,-0.0555011935280431,-0.115117623099104,-0.100925651884091,-0.0213628015277112,0.000918645485027855
"163",-0.0800033474983907,-0.0247044806871816,0.0143918298794626,0.0161478201903438,-0.0383859818029248,-0.0559088268105439,0.0665536760721546,-0.00940937650479358,0.0130830017832759,0.0628585478675709
"164",-0.00915926093397485,-0.0945325715731765,-0.027363741539153,0.0155748854594065,-0.0235259451007753,-0.00135849332660844,-0.0952715383925442,-0.0118468946607277,-0.0890285023082643,0.0473472964054819
"165",-0.0657832675303478,-0.0491387794706909,0.0600075264604507,0.0321997668176686,-0.026872035087107,0.00152184532270905,-0.0884641359766206,-0.0194679916421851,0.00119180273828458,-0.0528487073345737
"166",0.0787169051208351,-0.00835698474362948,-0.0329466958911779,0.0136809757688898,0.0387820852728135,-0.0457793816752944,-0.0813094682651162,-0.0525094080201873,-0.0102705297512258,-0.0139344766432697
"167",-0.0157792373938219,-0.104672022255987,-0.00384691215528637,-0.0188814864130602,0.0128062320298517,0.11095282516852,-0.0249956738306395,-0.0109517390117022,0.00286227174225562,0.0358633884284156
"168",0.012410850027486,-0.103901644752182,-0.0439174735938135,-0.013167822158313,0.0470901540603878,0.0528314837830096,0.0120569125433624,0.0378749247283876,-0.0550284858797632,0.0470075854451409
"169",-0.00465219099385273,-0.0676709890462931,-0.0197895588706873,0.0285273776432227,-0.00828188728441775,0.0447922386100782,-0.135693269883139,-0.0241534108431741,-0.0399194098823942,0.0726786277535185
"170",-0.0613414893589382,0.0185355016340211,-0.048520854342112,-0.0738757567612541,-0.0123881312371607,0.0473406974582432,-0.00327793682045078,-0.103157032959108,0.000707014144647176,-0.0234447430075773
"171",0.00416749678934054,-0.00129123849783951,-0.00822217644444522,0.0434332166476243,0.0237658454523215,0.0392948595630517,-0.0805667439522846,-0.0346063466341136,-0.032188480244073,-0.0987486611434307
"172",0.0690874999005303,-0.0110821657701309,0.00705254889361543,-0.0329367287869415,0.030810407655491,-0.0974603902208032,-0.0952699903330424,-0.0229823460251373,0.0616947606333987,0.0063005135295612
"173",0.0859018950089201,-0.0254270633716572,-0.0113107133599982,0.0328930089836839,-0.0548565689594055,-0.00633254571183893,0.00595925953443876,-0.0363594243059512,-0.0250197606475461,-0.0520382017284815
"174",-0.0811511828674356,-0.0119090683413811,0.0246451935208353,0.00999874979131495,0.0501433651627111,-0.0485695303050287,0.0472689943559053,-0.0345383770772645,-0.0687534509142702,-0.0208843514691658
"175",0.0515361460796612,0.0360691981877432,0.072363533802103,0.00993122761446212,-0.0502118469732932,0.0359756988638117,-0.0417351702320577,-0.0660965342505882,0.0701097915847638,0.0492071994197995
"176",-0.0355739780610813,-0.0131565163776021,-0.0200108598052075,0.0324788034215476,-0.089944474573458,0.0192319490020935,-0.174756013284301,0.0619151482250621,0.0684553194344651,-0.0219246186741778
"177",0.0557006633576412,0.0172151288392538,0.0851325001180815,-0.014694856081235,-0.0723091558865972,0.0184417059297406,0.00942153217220739,0.0157471475974168,-0.0526156961310818,-0.0931838124693277
"178",0.0799609020386768,0.0136402792000339,0.017943630188255,0.0342002250254033,-0.0465523059253799,0.00333030520213791,0.0535984931462157,0.0410649532294765,-0.0445602601437406,0.0225960022423118
"179",0.0317801952602782,0.0431955739274628,-0.0461719677394548,-0.044847296181392,-0.0465535414160307,-0.0701006937614614,0.063324491097222,-0.0577991617208389,-0.0499556460135458,-0.0251308936657116
"180",0.0334216617062593,-0.0432822908156014,0.0195698290997446,0.0113182000150507,-0.0470245869717516,-0.121381445845038,-0.0928419601039497,0.0882602351570191,0.00378158722481198,-0.0282928425424251
"181",0.0498921474369743,-0.0457952245331895,0.0819965221429323,-0.0154140637980682,0.00411062114041965,-0.0499422415273038,0.00196519867400774,-0.0825907253426819,-0.0234814643416045,0.0220487797054691
"182",-0.0442581258629494,0.0911525958905066,0.0188360958766164,0.02476870189519,-0.017744956418418,-0.0258032196407387,0.0032367981423245,0.0356622421596077,-0.114659423470567,0.0669284402863068
"183",-0.0443899152599336,0.0264494510619588,-0.00206646049426693,-0.0999275178948809,-0.0370873605943347,0.11918321141817,-0.000541672234854795,-0.00856491666103112,0.0523594016548523,-0.00506879869084978
"184",-0.0114279234856101,0.0501679082851451,-0.0230693296050377,-0.0708905431658658,0.0455941189943339,-0.0622050357740326,-0.00862950475749599,-0.0768863180032289,-0.122558847651444,-0.002068085713017
"185",0.0752007786647014,-0.0296982095662918,-0.0240711738242091,0.00164396588274067,-0.0466394841920423,-0.0715654154178934,-0.0507512831549102,-0.0990185628993396,-0.0243210645584419,-0.000693115157224595
"186",-0.0211290770169565,0.0841408106813691,-0.00951264507761457,-0.0329103284032944,-0.0786713469558798,-0.0415554289155592,-0.00465710504702125,0.00792049170335276,-0.0635379799398738,0.0463874133094643
"187",0.0542867681966596,0.0730595643151737,0.0336681379051155,-0.0700134823133439,0.0364341504888042,-0.0478229369067975,-0.0343765744144633,0.0259950630805946,0.0292931810274542,-0.0285331829763007
"188",0.0496954499230663,-0.0346852072117716,-0.08516837623645,0.0381882574180344,0.0360825495989281,-0.0261275430637547,-0.00499801112751113,0.0114642948019265,-0.00114038698979142,0.100291339140161
"189",0.00563306903278677,-0.049843621830907,-0.0153896429274062,-0.0599191341502106,-0.0660872085393764,-0.0620831211482495,0.0905857349495525,0.143047165050763,-0.0150610393531883,-0.0140206326363955
"190",0.0645618214173158,0.0434360988899939,-0.0104139820172221,0.0609129488137854,0.0250758850171377,0.0125925220130093,0.0146170420923503,0.0371485527768165,0.0694109628872583,-0.0330252348842275
"191",0.077805042272333,-0.0531044060465945,0.0121050530408157,-0.0560576068017965,0.0317493894332131,-0.0271757484499192,-0.00357049457791658,0.056123794117424,-0.0274410876482516,-0.00626216320715022
"192",0.0612566581276005,-0.000514194354001741,-0.080957622690993,0.0855511779167536,-0.0271611006267273,0.0304338376465328,-0.00630965468230032,0.00399787042845361,-0.00573907385349939,0.0198087546676692
"193",-0.0544161247797304,-0.0375492769588047,0.0687576117115404,0.00731563605531181,-0.0068734033762149,-0.0322339863974675,0.0764475476360451,-0.0380197313541654,-0.0632526808282637,0.0662789741911521
"194",0.0106684383103101,0.00180280552496864,0.0477454082250666,-0.0465337129890279,-0.112466676389299,0.0157314321758893,-0.020682114596905,0.0088242261162832,0.0931291195454121,0.114147305335494
"195",-0.0468973232955979,-0.075449396688821,-0.0101690830328072,-4.06376065248808e-06,-0.094316884902762,-0.0101653981621569,-0.106454887744808,0.0682189335504181,-0.00230793511340266,-0.0407918334725245
"196",0.0347559366801103,-0.00249950758407047,0.106453815635702,0.0447546763714166,0.0250191507800915,-0.118874656801101,0.00959837759659793,-0.0228927041103043,0.0296913685804791,-0.0310343380609699
"197",0.055600505569484,-0.0177100061117339,-0.0134587888341219,0.0253948193834705,-0.116243276321802,0.0572046468672684,0.0451178830706558,0.0786587324565461,-0.026424950289119,0.0278444078642516
"198",0.0191931830780807,-0.0262764992987937,-0.0174759848829655,-0.0727398481849799,-0.130037047898921,-0.0960254753130513,0.0506980549152827,-0.0180023734529007,0.0519092715711014,0.062735554664287
"199",0.0401855827487802,-0.00247449189622311,0.0740777313112064,0.027808969760313,0.0878010991205661,-0.0774196107130004,-0.107130278172898,-0.0741230816624801,0.0130626054222796,0.00717083273453726
"200",-0.088646485824323,-0.0484722562766796,0.0247962478327047,-0.00788986514735539,0.00383093898079277,-0.00299319588998481,-0.0160236360485815,-0.0166418601587478,0.0126367765807038,0.0278551965546655
"201",-0.0745485466335296,0.0122968421698132,0.0228059076505828,-0.0153553854785786,-0.0745868450363402,0.00353508911386887,-0.00801397295010605,0.0203425560312479,-0.00175894224391395,0.0425823298204714
"202",-0.0547524293749158,-0.0080409029500422,0.0325957240232684,-0.00355914090446237,0.00807029147715965,0.12647569530064,-0.0582847942906363,0.060206744273561,0.0466137620685024,0.0615000969642875
"203",0.0216009658954385,0.0574957355140429,0.00493263184587756,-0.115398068824342,-0.0126161859540506,0.0588711839218057,0.00968012170225786,-0.085730955102063,-0.0115355471319668,-0.0701024263977201
"204",0.0485903791167349,0.0471364971590579,-0.0684567930412535,-0.091896674861865,0.00217699299325582,0.0020605974893523,-0.00837378739928284,0.0479911693563199,-0.0546621268172372,-0.0565111627733019
"205",0.0624319202794755,0.0768414494086273,0.0334578106416259,-0.0507164942978072,-0.0422664412634665,-0.00433225167185535,0.0266149234860237,0.0160534921946692,-0.0470313761350796,-0.0366738115428253
"206",0.0465597341739947,-0.0738504023054569,0.0589586499103007,-0.0403593741231645,0.0867888048814897,0.0400884673347588,-0.015217397446937,0.0340540846046989,0.00383432379972913,0.0336123470388225
"207",0.0610293363807965,0.0310773093399375,-0.057327699524994,0.0442602933028966,-0.0170015210322039,0.0455934535539072,0.0406062002700226,0.00191313966726626,0.0666606882111195,-0.0539164157596955
"208",-0.0169448609291763,-0.10004561634831,0.0192000806177393,-0.0747263680666533,0.0088529534919267,-0.0213945896994748,0.0361290044564738,-0.0428811264642452,-0.0535039848533137,-0.0343966714989735
"209",-0.0432526844595097,0.0491859728796906,-0.00334935536141172,-0.0313333642236747,0.0331734391083631,-0.0181429450009916,0.0276488164891035,0.0502187883296613,0.0470569839989856,0.0346048181422179
"210",0.0554284524581412,-0.0179863310901642,-0.00714828463715379,0.0758179615182833,0.028386447606439,-0.0593748012591436,-0.0341457569008479,0.0237648365698216,0.100075663298878,-0.069600511584272
"211",0.0798802766006786,-0.0321743686825775,0.0409896300584663,0.0311761698840001,-0.0364598201491632,0.0646709023202818,0.000915767505374381,-0.0564430122021291,-0.00133342994776378,-0.0280840697550417
"212",-0.0848122122452383,0.0189879530967377,0.0240467756494333,-0.0189589778552679,0.0209618802910116,-0.0163075074810362,0.0208490370402426,-0.0337699273415684,-0.0214651468299061,0.0152724794281158
"213",0.0112900358405873,-0.0750847354517963,-0.0433686395249518,-0.000916339468275537,0.0471702952568457,-0.0359293673946151,0.0498338852206115,0.0426286099999144,0.0428050131118851,-0.137957375647582
"214",0.0105948138334087,0.0313240752913083,0.0533312859209056,0.0616039041270917,-0.0297979884799222,-0.0552915279336401,0.00720924968310835,-0.0902480649703346,-0.0106406608231341,0.00695896573120932
"215",-0.00229744278587315,0.00950607354654406,0.133729157737965,0.0162061671835656,-0.0136594859529744,-0.0144956817264703,0.0118810095969035,-0.0753053093371785,0.00765885712487654,-0.0807141693121302
"216",0.0347082949912203,0.0855657720348444,-0.0333168406156483,-0.0241875495830233,0.0545997576343904,0.0184280802773174,-0.0229040523009256,0.0750864812930992,-0.0380302386490586,-0.108087483207558
"217",0.0101152063369353,-0.0570622511417198,-0.101485132111805,-0.00464512679349237,0.0543096719275908,0.0230079544127297,-0.0242572749728612,-0.0603845190105965,0.0451032862006786,-0.0927643647594202
"218",0.0482500401009088,-0.0310472752000602,0.080040009124214,0.0113370614617939,-0.0760887388573709,-0.0668103939958627,0.0886847435974097,0.00539180659323475,0.0451409104252194,0.00628254767074178
"219",-0.00475684625115819,0.0813420298899851,0.0645426907265448,0.0462706374655008,0.0100061379588635,0.00381825017914562,-0.00597891596167226,0.0854432012320571,-0.0852053382764313,0.0704406751464434
"220",0.0685611837762407,0.00835645481252003,0.0731492651946071,-0.00319365277221142,-0.0527668960509528,0.0207233442812398,0.0280413424065912,0.0192335289274437,-0.0064683849907877,-0.0164841036760497
"221",-0.0477851222809612,0.0509433543064356,0.0347642192802569,-0.0703540349694856,0.0820187467825111,0.0212373314471512,0.0102474491704569,0.031259741345905,0.0623774551836845,-0.0224746077460114
"222",0.0494865741020066,0.0340196695717323,0.0888873724997754,-0.0339911510952282,-0.0414194974009244,0.0596510521383738,0.0411013160495756,0.00958535300566926,-0.00822439726460966,0.0801883945122422
"223",0.0425680032151319,-0.0908649584073215,-0.0679824554336648,0.041677486579392,0.00249033445907064,0.0546515473306582,0.015083944852283,0.00122327566062435,0.0246412394288354,-0.0532678730690781
"224",-0.0201277111130966,-0.0619102226521962,0.0875094203590162,0.00920658020088529,0.038715477854276,0.0662869956268399,0.0444454866436478,0.0272084453976813,-0.111127484814951,0.022333314104077
"225",-0.0456308920900899,0.0690347989024433,0.0316478541903633,0.00241623606294091,0.0791994464658837,-0.0385578458795335,0.0354923845792655,-0.00980261531910722,0.0163309567049244,-0.0155330852664759
"226",0.0504407761957919,0.0227928624796549,0.0383540791393588,0.0271909059488107,0.0885493009185421,0.0280721806328657,-0.0880399383213123,-0.0342139468613966,0.0477113058202801,0.0930861661592751
"227",0.060836854940939,-0.00240515086480051,0.0308860369742603,-0.0419812598362151,-0.044624420114861,0.022236154157158,0.0777779986930041,-0.0319917804487482,-0.0429572916741,0.0511655553214869
"228",0.0663079366731082,0.00491816832744164,0.0239902764021354,0.0171822563114562,0.0220175461460526,0.0340086421971981,0.0329478508705108,0.0384843488142411,0.102838590433812,-0.0768451112479029
"229",0.0743989960321134,-0.0499584920779167,-0.00462282697859884,-0.0775757323213808,0.0368925129143597,-0.0128517734908433,-0.0338776404184119,-0.00881105833580196,-0.0279770797059671,-0.00685741207372874
"230",0.078842978327769,-0.0557148499199214,-0.0475288865691548,0.0127873592330597,-0.0131165328667931,0.0182062348448975,0.0181592740436163,-0.0526592798663908,-0.0134940120849182,0.0164063816408162
"231",-0.0710635824392876,-0.0519593764005523,0.017018119176205,0.016583126228141,0.0276180533332487,-0.030103174480832,0.025539221373543,-0.0159196391144035,-0.0889599048324453,-0.0344019149488288
"232",0.0108389550610104,-0.0160821588722143,-0.0207626980494009,-0.0447556227630229,-0.00217861602756902,-0.0398592710091757,0.0426436229196299,0.1415216951628,-0.0246846998869797,0.065025537839073
"233",-0.0492775598838857,-0.0735793909993503,-0.00187469957883894,0.0263348337517059,-0.0874720649441847,0.0136294752596475,-0.0975562641079488,0.0478164202595607,-0.0648642204167218,-0.0166770028729823
"234",0.00926081590231657,-0.0878611476188229,0.0783771950616007,0.0127982437170517,0.0547023477293555,-0.102941795973034,0.0140619944014187,-0.0295266162913709,-0.0118616499504997,-0.0381264442863999
"235",0.0499049192575485,-0.050439996020685,-0.0613209935353573,0.0219265626799524,-0.0374163418028633,-0.0683798422082389,-0.0429049357220437,0.0431000966089296,0.0641508288582859,-0.0015753780214622
"236",0.0250460303055399,-0.0180621453327016,-0.0985544458234054,0.0142345997742744,-0.0769453043422464,-0.00172939643959087,0.0386760240095169,-0.0858434839583572,-0.0720890503793066,-0.0085510189456696
"237",0.0295455148727083,-0.0953706696044555,0.0043786783244389,-0.00236376487154239,-0.0122023045509316,-0.0890778690540694,-0.0812861651468575,-0.0139028882416144,-0.0826405212370628,0.00730511049337613
"238",-0.0919316320456774,-0.0131692679390372,0.00208023123930301,-0.0407742622877142,-0.0236069237580326,0.00981241801686573,-0.0217022783784505,-0.0187990057122338,0.0174242469677931,-0.00930871116053588
"239",-0.00278171585763821,0.00862191176020001,0.0563061837895419,0.0913575214353176,0.017676239418727,-0.0710116925821782,-0.0915294019004036,0.0124361918034607,-0.0631335097228647,0.0169378983021697
"240",-0.089450473284227,0.0178492965937736,0.00825944879084186,-0.0246664337583093,0.0226223962670158,-0.0476039144108462,0.0116982198508129,-0.0299749630883278,-0.0214038356397512,-0.01817054385636
"241",-0.0358495340971243,-0.0884529836231739,-0.0433774854903337,-0.0538044172550207,0.022051099719627,-0.0107275965496991,0.0144386706421025,-0.00554137882407383,-0.0235993881361265,-0.05005321329469
"242",0.0271256677495665,-0.0809646134837732,-0.0360595618546848,0.0178201749433202,-0.112292531272664,0.0257801163587296,-0.00388857974686493,-0.0348575007790357,0.0105243494029037,-0.0252260651406632
"243",-0.00584271222009046,-0.109025474045486,-0.018557895671678,0.00762522242237756,-0.00548345807221988,0.0806458581456518,0.0178327273614676,-0.0170224068447922,-0.0505371559341636,-0.102183772610979
"244",0.00176000064323199,0.0117617146775368,-0.0207958304732909,-0.149219029545869,0.0482428228651865,-0.0361933410595503,0.039466704593857,0.0356043556872701,0.0573358228263253,-0.0522248188070217
"245",0.0531409507659237,-0.0225256718022208,-0.0479976138396926,-0.0338534497359557,0.0503368257411725,-0.00748571484127665,-0.0318409148710649,-0.031002220813937,-0.0469208301608545,0.0303823272007071
"246",-0.03045274859309,-0.0880977439185068,-0.0455039956441521,-0.0579033853572572,-0.0564306061026556,-0.0697094537410614,0.0177485692600021,-0.0254410662956636,0.0737524573844754,-0.0186588331435214
"247",-0.038554567094813,0.0418952494248759,-0.0934809095641941,-0.010615564018179,-0.0149203705986101,-0.00374382758261713,0.0369433579702363,0.0846626763009658,0.0477471992914472,-0.0591320255936969
"248",0.0760679753324231,-0.0417768619602514,-0.0140406277114923,-0.0721682287718777,0.0311263830992777,-0.0386358484652861,-0.0303499701360524,0.0385279646917411,-0.0207543743723183,0.0167290615708948
"249",0.0783294206513575,-0.0508408241951514,-0.0432575688646948,-0.00299730192997079,-0.0334574565351969,0.0471987173952394,-0.00763668435263518,-0.0100461721729717,-0.0395907670371576,0.0214191396091262
"250",-0.0658209568933178,-0.0237286815020542,0.0493331049568338,0.00195737221930557,0.0290146194393313,-0.054963235205266,0.0843466818208988,-0.0145157486578857,-0.048444137219275,-0.0442299265657949
"251",0.0549816450849364,-0.0236606527595029,0.0498369218489714,-0.00814891410311981,-0.089468783248259,0.0250573473138612,0.0114533118401802,-0.0277884145127566,0.0869441092129293,0.0428708356531858
"252",-0.0541857412616329,-0.0121027193293235,-0.0224918259459261,-0.0266794979592075,-0.109312292343532,0.0280605922707629,-0.127621655523208,0.00215090326936329,-0.0741827065147927,-0.0413319809394803
"253",0.053393556132987,-0.0158392714242261,0.0927408554041925,-0.0142784363261298,-0.0777031315699147,-0.0109676791568694,0.0338369503400031,-0.0311754439105188,0.0381128944765992,-0.0831446324771519
"254",0.0555163236808567,0.0119575543831837,0.0372168224196545,-0.0279051920871387,-0.0663441947723162,-0.0363344353172389,0.0372541320148936,0.0885021080887905,-0.0195635779477329,0.0931833956854338
"255",0.0586173542938136,-0.0162125651140428,-0.0888675895961469,-0.038981429596964,-0.0328868225795942,-0.0253010290743461,0.0149193472159627,-0.0794743971947915,-0.0698149180095714,0.0393059659725965
"256",-0.00903486952236519,-0.0717625292876699,0.0861039259346569,0.0458676588409497,-0.0325640367197922,-0.0443448219322447,-0.081366363434889,-0.00286513353034749,-0.00305520973575799,-0.0740712680555068
"257",-0.0874761974051041,-0.0175907943528811,-0.0202826720745469,0.00229485049951425,0.0297255713479974,-0.0560547613402351,0.00240079075642411,-0.019005989415915,-0.0558920425511499,0.0256671357321323
"258",0.0683336813954602,0.0600210203245676,-0.0250554212040061,-0.0535434425991074,-0.017948250528455,-0.0100368370400313,0.0056667697178219,-0.0513498441549879,-0.0629105768347194,-0.0542666751853424
"259",-0.014738810441353,0.0606013367855233,0.055706398720456,-0.0163069261705873,-0.082063494316779,-0.00125249514298485,0.0177339051440714,0.0380861750373129,-0.0105918530837272,0.176476321401889
"260",-0.0296194642322221,-0.0884775515351587,-0.0642240229886843,-0.0440008904484138,0.0139809392116332,0.0675958854817136,0.0197474884354951,0.0514523394163547,0.0134307304471159,-0.0128565078490895
"261",0.0475007952534499,-0.0593818549322476,-0.0612837577207668,-0.032307633413468,0.0381835126853136,-0.0256702558777352,-0.0255524351329574,-0.0479912874229577,0.155891302292848,0.0195054567362976
"262",0.0454116180936088,0.0924489916497157,0.0104277760515757,-0.0844637509987222,-0.0249339488549207,0.0371140708736168,0.03206600435201,0.0195629511270842,-0.0137660231017743,-0.0161144924096607
"263",0.0483990973066494,-0.0312446240765071,-0.00204226103656493,-0.090272663610641,0.0864647100783191,-0.00136021627754955,-0.0398074418934245,0.0456221023211615,0.0595459310549321,0.0231302069205732
"264",0.0505763767029995,-0.0383644520366876,-0.0316515291134652,0.0913764640729485,-0.0931565023843458,0.0416179977842002,-0.00578304273529991,-0.0226462283643007,0.00736166700356772,0.00129945297931726
"265",-0.0905263760702161,-0.00849070986372987,-0.0103307593701191,0.0381224556627537,-0.0160617526170692,-0.00220815502060446,0.019125410367376,-0.0166915044546048,-0.0151508301054963,0.0313299716712282
"266",0.0421221889652564,0.0362879259863537,-0.0928555453075575,-0.0396403642735614,0.0276247329411604,-0.029741567614734,0.0310304535169467,0.0175722683879106,-0.0423129134284177,-0.00426622630464336
"267",0.0787181650082969,0.031153906849978,-0.00396504796158676,0.0417450537127768,-0.0142446289707038,-0.0207545501128109,-0.0299055586218519,-0.00293583580261654,-0.0461309119063416,-0.00651664625949119
"268",0.0296728393741618,-0.010984215042289,-0.124011394829192,0.0367400747093328,-0.0446476446201741,0.020345695171885,0.0466994691454053,-0.0318586518106622,-0.0195853336896997,0.048425630151857
"269",-0.0730823134961359,-0.0815699041984303,-0.009266994980993,0.0127938976774841,0.0115733058641252,-0.0249167318544972,0.0292218970250846,-0.0102970250372102,-0.0115434900289694,0.0160683427391785
"270",-0.00948495336197983,-0.108249547755103,-0.0819145723623269,-0.00634089873205049,-0.00865187087004082,0.0117053364299664,0.0245710223924065,-0.000642745942306076,-0.0168571838617412,0.0103457408732425
"271",0.0181437671770631,-0.0758082466245237,-0.0315238813807224,-0.0609735798702153,0.00955922913874371,-0.0661070875537388,-0.0924061436210984,-0.0658418751072663,0.0295419069902757,0.0720755894804418
"272",0.0519468012850953,-0.0194470535462784,0.0789980794105271,-0.0420531054408874,0.0180157554978454,-0.113455050698218,0.00561907891410172,-0.0383323471636151,0.0403253693562474,0.0438170917144851
"273",-0.0230048841169232,-0.0683984227101234,-0.0927977875293812,0.0689515925860141,-0.0162948789390296,0.0416102642329711,0.0216838733646178,-0.0374080385069135,0.042677194647404,0.0574853495095904
"274",-0.0570899640516157,-0.0737985842009332,-0.0443929081889659,0.00198787081056753,-0.0150704122332771,-0.055254267265351,0.0246401084598039,-0.0611235738159515,0.0281173179646857,0.0532300931399932
"275",0.0823988125375553,-0.0104011842114203,0.0400723583821573,-0.0301915359607902,0.0303287692222918,-0.0593942338421737,-0.0640277561270177,-0.0247417362974653,-0.000785847607961945,0.00750329159870487
"276",-0.0203185341012421,-0.0256830670377053,-0.015089085894015,-0.0153017421021863,-0.0649744456272546,-0.0920259675195388,-0.0862109358094315,-0.104406534174487,-0.0160136476049437,0.0846279734343214
"277",0.0182415563468441,0.0899723496796878,-0.0352002510433571,-0.0982738447058536,-0.00516642044036301,0.0032436505808133,0.00263749025313024,0.029634362728849,-0.0668524326075671,-0.0137749958764944
"278",-0.087606973766036,-0.0467435685742869,-0.0328140903530063,0.00694755295697411,-0.0164120477638683,0.014989030747921,0.01120610594498,-0.00507715578531296,0.0131702216125204,-0.0198312628636239
"279",-0.0186601157019606,-0.0648995587496804,-0.00648883102353698,-0.0279982531562321,-0.111720786364777,0.110511226993454,-0.0367171446524694,0.0284022578973633,0.0636884939701851,0.0187339759413282
"280",-0.00220696713105205,-0.0214326406045387,-0.0168241659023287,-0.0995396525254064,0.0422986122716938,0.0184424517202832,-0.00800449562572204,-0.037876295787827,0.210537153504581,0.00999103234993189
"281",-0.00826472258147014,0.0617690313222714,-0.0427879011808559,-0.0875675177994622,-0.0608345126436981,0.0925812178305851,0.00184318644358707,-0.0187756503533456,-0.0610558196136383,-0.0850716594394379
"282",0.0121218194414947,0.026491224900702,-0.0175251542850115,-0.0616166017682051,0.140706657374612,-0.0622010153641344,-0.00849783125240996,-0.0447883369101292,0.00875602986919763,0.0269389021325357
"283",-0.0153152608276217,0.0109933684056879,-0.0191804862642623,-0.0638378462355585,-0.0713113440979758,-0.0611099291396986,0.0411157265311334,0.105905893396327,0.00833648792786185,0.0975242094129782
"284",-0.00229867238622289,-0.010211196227746,-0.0120561204125587,-0.110936429593275,0.0198826197038682,0.077295091382587,0.0504850298748118,-0.0808682380134384,0.0836573100120886,0.0588650156022383
"285",0.0522562985536789,-0.0527453540464791,-0.0727410236828202,-0.0102099404818634,0.0406549360444815,0.0495076079626449,0.0345587286628874,0.0177345933307624,-0.0225908741871675,0.0155380434933478
"286",0.0872007793355678,-0.0010453349711305,0.0470399789062765,-0.00426225463210018,0.0241344859243761,0.0116056816314376,-0.0288911609641881,0.00398917890549371,-0.032172068014664,-0.0394334546279311
"287",0.0809419885254893,-0.00442132228977565,-0.0339797879043787,0.0623650955231917,0.00267066303405006,0.0348703431022413,-0.0226718577128027,-0.0189896959231748,-0.0281053742703458,0.0381283471936267
"288",-0.0922402591710198,-0.0238326587595203,0.0293982758363753,-0.0146705726104006,-0.00443712574104006,0.00528874671738098,-0.0119475025898914,-0.0259689749938433,-0.0209601905657422,0.00247170728954431
"289",0.0174503517940975,-0.121120556537016,-0.0101469012235104,-0.0126879881130712,-0.0185261067143995,0.0847623398593844,0.0297714025544465,0.0454108686995274,0.0273267228563671,-0.0375745126530334
"290",-0.0392231533440678,-0.0205920513399503,0.0503975422422536,-0.0299504296942741,-0.0816576264884007,0.068061730024823,-0.159706537479668,0.0460599897879317,-0.00969002459776995,-0.00914874476409139
"291",0.0230443815114317,-0.077333204926445,0.1138751267567,-0.00628750893948461,0.0118002027564715,-0.0180487437000869,0.0291792663018909,-0.0299498282732471,-0.0220437062009641,0.00233245184938387
"292",0.049253214390375,-0.0692181957094445,0.00269048353954794,0.0519636884646088,0.000806611216503772,0.00703435320987563,0.0663632396729377,0.0294048806337995,0.00370539805100405,0.0764613990724526
"293",0.0285634385461601,3.51893776460682e-05,-0.0933444041380554,0.0212963322165172,-0.0527642070274897,0.0271909834615757,-0.0816330344805544,-0.0588044232399415,-0.0580677900517275,0.0759158002670844
"294",0.0553281037826532,-0.0797222758686187,0.0698668123850438,-0.0185379619116298,-0.00981034410141176,0.0335081979907608,-0.00965594992343284,-0.0070711625556986,0.00863557702773715,0.028599496904569
"295",-0.056691773444037,0.0624070092705384,0.00324670267926323,-0.0226416794748989,-0.0731350706075009,-0.0371322927990187,-0.0216205717350816,0.00315871448642664,-0.0341285612822449,0.0709443618829187
"296",0.0661863844569186,0.0722000212076768,0.04289112050188,-0.0248601599507126,-0.0544071048233841,-0.0247514772754457,0.0212795504466628,-0.00611927301557076,-0.0456531057048121,-0.0458028118376531
"297",-0.0879398164930273,-0.0192629521601222,0.0299924389383444,0.0173650965227125,-0.0120086008616875,-0.0217407385623871,0.0134478588302123,-0.0164484463651652,-0.078554964770234,0.0407312259011587
"298",0.0080921540979715,-0.0887742932812668,0.00478076672701084,-0.00787697525451562,-0.0153214195260981,0.156960759522364,0.0106497910697771,0.00705296352891716,0.00147880609191863,-0.0601200728864323
"299",0.0419451766981912,0.093392361862388,0.0433113918933106,-0.0756587298288308,-0.0440191809975651,0.0330061193492441,0.0273413167556632,-0.0298908829748156,-0.00187283965655201,-0.0244111117409015
"300",0.0703710931795545,0.0256443449123988,-0.0328188564424901,-0.00948410560841255,-0.0736011202408986,0.0254696315225149,-0.00766930557728993,-0.0406208304261096,-0.0557568558326283,-0.111779371809939
"301",-0.0148343166969442,-0.0345767958890835,0.10317879336259,0.0567309649528415,0.0668552990275134,0.0349036921946218,-0.0266616947904637,0.0545962603396462,0.029238799662425,0.0165047655238298
"302",0.038261009896123,0.0469277211252409,0.0398974764999502,-0.014652911904553,-0.0203535225947171,0.0870879614126036,0.0136116633606097,-0.132234173238884,-0.125197105238342,-0.0100632821148581
"303",0.0367399088888927,0.0424564421208255,-0.00811985898489548,-0.0533535330897202,-0.0575634014045279,0.0116826822336831,0.152962832591322,-0.0149335145391734,0.0213271789535676,0.0415328259623486
"304",0.0617177551144269,0.0342426748838769,0.00601517220443352,0.0319044071629295,-0.106474403474181,-0.00658707712152644,0.00279620154942794,0.0687744791312572,-0.0750577133055054,-0.081595900836366
"305",0.0733542641298298,0.0382716591441974,0.0301653741746731,-0.0694921999685285,0.0279053331250944,-0.0303919871063734,-0.0359052108966393,0.0370458390559055,-0.0583818852764012,-0.036150218424514
"306",0.0777432752615539,-0.0468776538088183,-0.0112676363747067,0.0371594160923696,-0.0535263334781701,0.0250625402540375,0.0115555752336527,-0.019829916575002,-0.0526125357270782,-0.0346949508240591
"307",-0.0910789168775891,-0.0213458752067256,0.029360522341783,-0.00912786221879417,0.000108133584501453,-0.0129938767268092,0.014094201946854,-0.0266372140209688,-0.0182020543500904,0.00429814415311977
"308",0.00161859841170124,-0.0918324649130261,-0.0730519417043581,-0.0118584655990103,-0.0907453073775219,-0.0026330258396539,0.0490359773328159,-0.00764647791200769,-0.0149041957107544,-0.00333755162653599
"309",-0.0366664890129498,-0.0651276539164032,0.0441223853798607,-0.00203729253049367,-0.0599230471197951,0.0427088229212869,-0.155031919595312,0.0692418393576375,0.0116846226509579,-0.0100382479009531
"310",-0.00793254764891742,-0.0850796434787788,0.104199895367206,0.0134724035139614,0.00363917833820746,-0.078868568691329,0.0375426509237784,-0.00825729715845742,-0.0418123925534537,-0.0109065528596406
"311",0.00727370588076489,-0.0526349845392885,-0.0796836970478001,0.102370744363041,-0.0508152516623203,-0.0223427504530627,0.0414564667686724,0.0360833518102607,-0.0406600643775307,-0.0275645322679033
"312",-0.0513789591986117,-0.0606671696601478,-0.00129587460712683,-0.0750489849819611,-0.0913572659549194,-0.0353424724480216,-0.00985748392229976,-0.0316702011735195,-0.0172561347248993,0.0280845207001536
"313",0.042724891876521,-0.0995772003272927,0.0215027318420085,-0.0275457624495367,-0.00859121959493504,0.023603953871075,0.00435028045092536,0.0442951621427443,-0.0775280223510653,0.0448018088272054
"314",-0.0658503964237357,0.0677846804000864,0.0357201766879138,-0.0593322146139265,-0.022845745352996,-0.0294329492211718,-0.0514330436108196,0.00936399756237259,0.0472086899763017,0.0164851153186725
"315",0.0640462219264993,-0.0501216460175179,0.0882054115294393,-0.0138084207629174,0.0187411358233192,0.0157598156996549,-0.0120269919000835,0.0131307487399653,-0.0243450988014119,0.0229667846680027
"316",-0.089237896144279,0.0231628451692021,0.00970715565980471,-0.00390567991423451,-0.0135944647745662,-0.020198261829242,0.00738128345177169,-0.0423595123969065,-0.0421454336645637,0.0255955589108231
"317",-0.0210342502227404,0.036061235906103,-0.00864375601922087,-0.13820496254519,-0.000448690461794811,0.0643464701347489,0.0338168914343695,0.0305101628579173,0.0746164073994352,-0.0316164035194652
"318",0.0328032084937911,-0.00891117390679713,0.0221547507845848,-0.118923309167116,0.0506799461818448,0.0352688673099096,-0.0448066263986317,0.0150833126366153,0.067618134363494,0.0139521223491167
"319",0.0616519124319775,0.00828706135294038,-0.0364838793737679,0.00973877905714923,0.0549221474389077,-0.0806070473348387,-0.0452325245461669,-0.100531642980287,-0.0422376584534759,-0.0280862800604057
"320",-0.064033221588789,-0.0279356880091581,0.0791189743759239,0.0405675408253782,-0.00869991767641997,0.0621290385559593,-0.0257775517040685,0.0223195350169609,-0.0262706979012954,0.00944161046622478
"321",0.0293902141562885,-0.00391243470626436,-0.0342502795533394,-0.0025831490446237,0.0504107186191314,-0.112632686659568,-0.0644389442727703,-0.0197250933553233,0.0234035930372146,0.0855663507030801
"322",0.00203737507896546,-0.0859155026683747,-0.0213256717101639,-0.0408410350545247,0.0169626768742308,-0.0459951373230547,0.095518399507406,0.0470309433624033,-0.035754972271715,0.00822114526399326
"323",0.0801389872756942,-0.0443139006098445,0.0293261575458836,0.033793075654323,0.0306640089921367,-0.0234400743086199,0.0206013007312654,0.0332133880139892,0.0638618399602178,-0.0315357894438898
"324",0.0143612544210548,-0.0416686605684343,-0.0543425186410212,-0.0708577587641188,0.108758021397834,-0.0167185155201315,-0.0511996910268969,0.06207322545476,0.013535961425992,0.0298563509178206
"325",0.0658190248878543,-0.0100656731729573,-0.10081243174781,0.0369590546837064,-0.00345846601803832,0.0216365930046581,-0.0184219478633582,0.00250838953513116,-0.0103996077832479,-0.0291738952240189
"326",-0.0309329682316074,0.0372660591724598,-0.0377078598251739,-0.0224708190459158,-0.00288370187643798,-0.0873157860996444,-0.0517891742499883,-0.0727778832226309,-0.0676123249880046,-0.00791381617615703
"327",-0.0039144409918957,-0.0412183102803911,-0.0295447978273277,-0.0531139787954823,-0.00500609588680244,-0.0443922873703886,-0.123857155489368,0.100969756816479,-0.115598640187098,0.0477538743015687
"328",-0.0429287526703199,0.0199827448418272,-0.0146781428593838,-0.0946832705694994,0.0117417454383247,0.0372419868921089,-0.0757026313083539,-0.0406557764308125,-0.0353566138816582,-0.0508839151253713
"329",0.0125280164991808,0.000451713623540397,0.043797109154184,-0.119351450341751,0.0398778346663434,0.0276383037327779,-0.018140867676623,-0.0101642750956537,-0.00183020476016991,-0.0666485657092018
"330",-0.0187475902634104,0.0143336929394273,-0.00840506322262972,-0.0419160931899264,0.0359233787127944,0.00913532813489095,0.0644243206223652,0.13661555949661,0.0515808363178146,0.0891739643979626
"331",0.0138837153834958,-0.0276314658534407,-0.040558445260011,-0.0297874592357906,-0.0807080369537663,0.00354661159236334,-0.0256286627544069,0.0343468045966249,-0.0152088337372158,-0.0448148581329721
"332",-0.0557538665292533,-0.0751633503333265,-0.00588214938940035,-0.0309506834176766,-0.00451686053341471,-0.00719425378726438,-0.0656520965881313,0.0321301148066411,-0.0687521441121906,-0.00115700182859182
"333",-0.0353212519594857,-0.043243169589906,-0.0778225922730459,0.0150319450472615,0.0046366368669649,-0.0270981274600365,0.0518651699004328,0.00431255098574117,-0.0305673242960506,0.0588871716089607
"334",-0.0298437419401779,0.0415871428267547,-0.104751556654325,-0.0308130266422288,0.0128318536890953,0.0204092732254942,0.0649472195745184,0.0310475709825897,0.026892869395693,-0.0830809250473433
"335",-0.0820824997006567,0.0313996589271087,-0.0020165962547894,-0.0190429102952227,0.0328404955327408,-0.00399704505494546,-0.0231442155546252,-0.0466106466046735,-0.0161607171765183,0.0192670026685638
"336",-0.0250473772112402,-0.00361183886547795,-0.0689236362953515,-0.0929544419213939,0.0469483476961732,0.0560584251358901,0.00213949744749968,0.00419761785956341,-0.0587034645311109,-0.0338267005527947
"337",-0.0724964830045314,-0.0357226909500848,-0.0452065285664421,-0.00347770855192044,-0.0686912239159446,0.0463453107178596,-0.00868998385954555,0.0136527472605281,-0.0459254143359137,-0.0176035551297654
"338",-0.047084383123201,-0.0150917276143578,-0.0416604967811116,-0.0718064734659139,-0.0491213037519495,-0.0681814062827791,0.0433056204287791,0.0832235286764629,0.00137890495554853,0.0296169805748525
"339",-0.055704466886348,0.0330988001736361,-0.0225883258740416,-0.0555720438843162,0.0247001141309827,0.0549553227064373,0.0175593693856442,-0.0803234048634696,-0.148436499778583,-0.0101638913732862
"340",-0.0190175399824756,-0.00687355017590409,-0.0515833456735777,-0.0409856328753028,0.0695550973058815,-0.115158555670387,-0.0260155823744791,0.00561077756738242,-0.0160848752955575,0.0171379753211685
"341",-0.0821329926287013,-0.0537073917092286,-0.012281811641455,0.0168484450056075,0.00822264050482614,-0.0386917908342944,0.0453212746451283,-0.0233686911366372,-0.0102011395773997,-0.0174467513096037
"342",-0.0650619284208616,-0.0327780218255078,-0.0281057949906848,0.0103059867557146,0.0267872920864038,-0.00481866836753373,0.0873494788050016,0.0397083154346926,0.0264429456235153,-0.0644238189569727
"343",0.0773682667313556,-0.0441607997888241,-0.0153307873831685,-0.0699555712205127,0.0151664726842723,-0.0229978790145248,0.00719355854887748,0.0181399195071052,-0.0386895730160845,0.0275953103313711
"344",0.0694853510511581,-0.0567528189238504,-0.049206905770466,0.0355588060610367,-0.0425519254094252,0.0399279534565665,0.0153140313808581,-0.0795553224882345,0.0191275404520885,0.0131308918341237
"345",-0.0805609765742303,0.000297116898541578,0.0347678662030203,-0.00173175234233404,0.0528763045186548,-0.0366632190413924,0.07759446390571,-0.00339420781605168,-0.0591371855078004,0.034398032351686
"346",0.0713234083638213,0.0211039836021366,0.0210998699518084,-0.0686950172694933,0.0111036898481988,0.0259989375120506,0.00334244182019821,-0.0372683970895382,0.039414815714931,0.0963114381154454
"347",-0.0155041335107414,0.0193717862143624,0.013121497138595,-0.106361123920224,-0.0938840579823917,-0.0142583288971324,-0.0342032372167878,0.0481676713906173,0.049576383543911,-0.0993165632593931
"348",0.0603552358127014,-0.0465453915649693,0.0782609664341353,-0.0689715223426392,0.00718033675047478,-0.00184058140191746,0.0408986642451938,-0.00363538051802282,-0.0402219544300892,-0.01471217931272
"349",0.0817830487287104,-0.0215147667475386,-0.00730061796072685,-0.0258442157787467,-0.0565427516230481,-0.00866862340401149,0.00624205057823514,0.023553681941918,-0.0077762496283331,0.0811741419076021
"350",0.0401523771905077,-0.0273203918995177,-0.0674181618290051,-0.0790279072948701,-0.0634224915653392,0.0213144170040986,0.00598202450396857,-0.0596554964213255,-0.000609738529659662,0.0979308192489121
"351",0.0661269637190828,0.00691591329753255,0.0618079807536412,-0.0717126802768095,-0.0146230272416763,0.00661321818818726,-0.042769970612097,-0.0659328467658228,-0.0175909494536861,-0.0341752292588004
"352",-0.0281256140777066,-0.0505543436375002,0.00076798545806898,-0.0571977862476392,-0.056164282819213,-0.0581791222621286,0.0370530440516063,0.137985448030943,0.0182958716039436,0.000917815950844665
"353",0.0650653630033961,-0.0423169203911947,0.0485956083870549,-0.0546238369118196,-0.00500980840673868,-0.0412828714423704,-0.0175069819752244,-0.0531536701525588,-0.0488209422996366,-0.0203979025656929
"354",0.0266633611452598,0.0278391597323969,0.00554136285937361,-0.0386592820830261,-0.0513921064778385,-0.0243857163172222,0.0834080333153411,-0.0439107596048383,-0.0542393135767553,0.0842198258346122
"355",0.00547857409344183,-0.0646674793176097,-0.0258846786515741,-0.0844999976917091,-0.0579494881881844,-0.00886183772335495,-0.0153914642143128,-0.00505885650712862,0.126829362657976,0.0120403557020994
"356",-0.0813720479495725,0.0420072231745155,0.0307967962025716,0.0255761075403379,-0.0307848460864157,0.0281775795396666,-0.0219248856251683,-0.0352901605562986,-0.00720288461486186,0.0359254896894129
"357",0.0676612284624697,-0.0241275669574209,-0.00242295779795164,-0.0695879372315866,0.0182853546219312,0.0443260801942134,-0.00754736396990916,-0.0931885241752263,0.0338406501306369,0.0272050462549676
"358",0.0640898610312483,0.0389394018731272,0.00851339340300962,-0.0562232698324851,-0.0225581265820462,0.0411000432618983,0.0867966651818917,-0.00562256176035748,-0.0147884333872458,0.013729552407496
"359",0.0527913133762045,-0.0710653280335781,-0.00433728842172932,-0.055253072127212,0.0513692946515097,-0.0487943529437881,0.0398404073664629,0.0557193269928216,-0.019840146522781,0.0292011325462471
"360",0.0490918721291182,-0.0373204003795108,0.0410534587338579,0.0868308049164165,-0.0162147753823907,-0.0427474014837667,-0.00282959147538493,-0.0813106292233852,0.0756516393136334,0.0157872377255352
"361",0.0381544276581754,-0.043096367682917,0.0212975665130035,0.0224884965825888,0.081540320292997,0.0494192263532742,0.00870482411454607,-0.0399625688255252,-0.0152750851814566,-0.151105628082963
"362",0.0860132244587152,0.000445724153684076,0.00574344986247962,-0.0518466915892846,0.0337174732138959,-0.0276361746275347,-0.0228059871996585,0.0394246056399975,-0.0482954247971829,-0.0346205903948937
"363",0.0713054024839428,-0.0524989943204707,-0.0205278597588521,0.0505647652740977,-0.0604417767070968,0.0193017613305892,0.0267067434493599,-0.0119709269353346,-0.02871404934786,-0.0344031917149385
"364",-0.0839955279914338,-0.0278803467594077,0.0269730472804897,-0.0137950662800383,-0.0206866475397685,-0.0433810475067841,-0.0307683837956511,-0.017014689146425,-0.0217845509191575,-0.047220551023404
"365",0.0312446058710588,0.0843247579783475,0.00615842477845409,-0.00142715038874336,-0.0556813807092471,-0.0785955587079378,-0.0132394394396189,0.0945526485185434,-0.0463069922523801,0.0295777259368065
"366",-0.031455692180563,-0.0772203670621297,0.00684767184914429,-0.00934793050367557,-0.0878279176758113,-0.0115374687526631,-0.0984700060337012,0.119636336438141,-0.0718209126210158,-0.0485260776865014
"367",0.0144498400159929,-0.0605886109023099,0.111415871724913,0.0158255621017119,-0.0429385870423942,-0.0872137945234733,0.0196403542346232,-0.00889728110141273,-0.0056218439187013,-0.0150860315148022
"368",0.0462168695042489,0.0358834924706894,-0.0393751101171352,0.118546363822058,-0.0213599981394015,-0.0329418823668393,-0.012758713979671,0.0554049216386642,-0.0339125447345656,-0.00890649693168972
"369",0.0379216443030483,0.0494765722628475,-0.0822801469177567,-0.00804171907979379,-0.0511444003986674,-0.0624490356946748,0.00311832887350341,-0.0338386613917048,-0.00222474961870342,0.0549922471439447
"370",0.026485113532328,-0.0374497201760943,0.070143497923642,-0.00996037624768034,-0.0339936979032683,-3.0816850685278e-05,-0.0553623614081533,-0.060573247790876,-0.0440716430184125,-0.105270817499405
"371",-0.0918039450543105,-0.031292954489728,0.02368459331753,-0.00615742593871428,-0.0200660144304833,-0.00459844965642085,-0.0167614715677437,-0.0117484735490266,0.0191303218056018,0.0228756049953303
"372",-0.0416757227189866,0.0312224322071819,0.0612319524126751,-0.0727514480172819,-0.0486795368308549,-0.0686892487036919,0.0292571258493317,-0.0412206926493995,-0.0457529648146495,0.0314631456799444
"373",-0.0721150096221697,-0.00474725567422654,-0.0044043572593688,-0.0328203538690517,-0.0201201863953138,-0.0111129664230191,0.0383802477984236,-0.00676405939312421,0.102952544826958,-0.0612732372628159
"374",-0.0666341563632503,0.0141777082945108,-0.0326720152828061,-0.0677600281877695,-0.0505454196048625,0.0724133689015236,0.0164985169872935,0.0477578583371367,0.0761331938042697,-0.0215016164316771
"375",-0.00179286171839985,0.0326421461441172,-0.0295577672300984,-0.128378875312117,-0.00862305680239323,-0.00794635681110759,0.0244042111027863,-0.0652325309212093,-0.0547955806167682,-0.0257727865803107
"376",0.0547785569777821,-0.0802590977750955,-0.0560639607298956,-0.0151286057478501,-0.00392715674255106,0.0117094797076991,0.0125426955763452,-0.0432396019711505,-0.0469294746839253,-0.0140739996899089
"377",0.0365307495941322,0.00491342967669361,0.0150199846525001,-0.00656345855687009,-0.147203387675416,-0.00267590504161432,0.000946903019905624,0.051740107585407,-0.112296853337838,-0.0947863221469236
"378",0.0612753282202533,-0.0817121863879616,0.042095832870183,-0.0324054600542185,0.057196874455933,-0.0344700719992913,0.0195883270698323,0.00927384465151644,0.0519953448236457,-0.0230648268531641
"379",0.00823514386666157,-0.0318496672405684,0.0383437718443265,0.045656037106495,-0.0463001321124364,0.00479711470833098,0.0789039068531621,-0.0122816246830206,0.056391028420752,-0.0632432753160182
"380",-0.0280844465269,-0.0746727603670075,0.0128388013447626,-0.00752438331018922,0.0602842864508959,0.0310320152032866,0.0579660647930784,-0.0542846686289005,-0.036462641224522,-0.160280084278984
